id;title;date;content
1;niches Small;2024-03-06T17:36:28;Handcrafted
2;hack Ergonomic Frozen Mouse internet solution;2024-03-07T04:57:20;index
3;virtual Ergonomic Steel Table Plastic;2024-03-06T20:02:15;Intuitive
4;Mobility bricks-and-clicks;2024-03-07T04:24:15;systems Directives synthesizing
5;Generic Cotton Keyboard bandwidth;2024-03-06T12:48:31;olive
6;Tasty Rubber Sausages backing up Personal Loan Account;2024-03-07T09:25:30;Latvian Lats synergistic Home Loan Account
7;process improvement orange;2024-03-07T04:50:44;extensible
8;Som Granite;2024-03-06T20:35:53;integrate Jewelery
9;Bedfordshire;2024-03-06T17:35:11;Practical CSS
10;Unbranded Cotton Cheese cross-platform contextually-based;2024-03-07T08:44:46;Rhode Island Wooden
